,mean_fit_time,std_fit_time,mean_score_time,std_score_time,param_nn__hidden_layer_sizes,param_reducer__n_components,params,split0_test_score,split1_test_score,split2_test_score,split3_test_score,split4_test_score,mean_test_score,std_test_score,rank_test_score
0,11.031068372726441,2.4992855369182294,0.0193023681640625,0.019939267082252785,"(10,)",1,"{'nn__hidden_layer_sizes': (10,), 'reducer__n_components': 1}",0.7787035494084319,0.7788333333333334,0.7788333333333334,0.7788333333333334,0.7787964660776796,0.7788000030972224,5.02961996699201e-05,4
1,13.177902507781983,1.9642545031123364,0.01760091781616211,0.009121829869437293,"(10,)",2,"{'nn__hidden_layer_sizes': (10,), 'reducer__n_components': 2}",0.7783702716213964,0.7786666666666666,0.7788333333333334,0.7783333333333333,0.7787964660776796,0.7786000142064818,0.0002104158010252824,6
2,47.88400020599365,10.74191837640984,0.02239847183227539,0.01455922570914149,"(10,)",3,"{'nn__hidden_layer_sizes': (10,), 'reducer__n_components': 3}",0.7783702716213964,0.7788333333333334,0.7788333333333334,0.7783333333333333,0.7784630771795299,0.7785666697601853,0.00022179651136609293,7
3,252.92109994888307,3.110555723165557,0.006599330902099609,0.0015292179157025568,"(10,)",6,"{'nn__hidden_layer_sizes': (10,), 'reducer__n_components': 6}",0.8013664389268456,0.8048333333333333,0.8035,0.8015,0.7984664110685115,0.801933236665738,0.0021630137047149553,3
4,22.951301670074464,4.188522270391688,0.026301050186157228,0.00636045428968598,"(10,)",12,"{'nn__hidden_layer_sizes': (10,), 'reducer__n_components': 12}",0.7782036327278787,0.7785,0.7796666666666666,0.7783333333333333,0.7784630771795299,0.7786333419814817,0.0005271025181911974,5
5,38.10980095863342,4.361564693519345,0.018198347091674803,0.0061870299697566866,"(10,)",18,"{'nn__hidden_layer_sizes': (10,), 'reducer__n_components': 18}",0.8130311614730878,0.8088333333333333,0.8101666666666667,0.8115,0.8059676612768795,0.8098997645499935,0.002409827737229712,1
6,15.101098489761352,2.8007291703651322,0.020200681686401368,0.0037754890198200986,"(10,)",22,"{'nn__hidden_layer_sizes': (10,), 'reducer__n_components': 22}",0.8123646058990168,0.8073333333333333,0.8078333333333333,0.8065,0.8051341890315052,0.8078330923194377,0.0024431777877979397,2
