,mean_fit_time,std_fit_time,mean_score_time,std_score_time,param_nn__hidden_layer_sizes,param_reducer__n_components,params,split0_test_score,split1_test_score,split2_test_score,split3_test_score,split4_test_score,mean_test_score,std_test_score,rank_test_score
0,17.76129779815674,1.1104318585055521,0.006004238128662109,0.0007064229218871502,"(10,)",1,"{'nn__hidden_layer_sizes': (10,), 'reducer__n_components': 1}",0.5595734044325945,0.7788333333333334,0.7788333333333334,0.5091666666666667,0.4850808468078013,0.6222975169147459,0.13005248307005324,7
1,19.41759934425354,1.339671786524286,0.009800577163696289,0.00254249008722531,"(10,)",2,"{'nn__hidden_layer_sizes': (10,), 'reducer__n_components': 2}",0.7097150474920847,0.7788333333333334,0.7398333333333333,0.5533333333333333,0.5569261543590598,0.6677282403702289,0.09451949545596658,4
2,18.131099224090576,1.6863910852642807,0.006999540328979492,0.0007080040711425304,"(10,)",3,"{'nn__hidden_layer_sizes': (10,), 'reducer__n_components': 3}",0.6747208798533578,0.6771666666666667,0.77,0.7733333333333333,0.5535922653775629,0.6897626290461842,0.08043553784406623,2
3,17.81640009880066,0.7584690882010078,0.007400083541870117,0.0004917530641368132,"(10,)",6,"{'nn__hidden_layer_sizes': (10,), 'reducer__n_components': 6}",0.6025662389601733,0.7156666666666667,0.7068333333333333,0.7095,0.5935989331555259,0.6656330344231398,0.05530184823329458,5
4,20.670398712158203,1.7981034608167092,0.009501934051513672,0.002663613044357623,"(10,)",12,"{'nn__hidden_layer_sizes': (10,), 'reducer__n_components': 12}",0.5327445425762373,0.5596666666666666,0.7538333333333334,0.5596666666666666,0.7626271045174196,0.6337076627520647,0.10218423463134088,6
5,18.577199268341065,0.6977746367871077,0.007900619506835937,0.0010174418777473284,"(10,)",18,"{'nn__hidden_layer_sizes': (10,), 'reducer__n_components': 18}",0.7272121313114481,0.7776666666666666,0.7198333333333333,0.7741666666666667,0.6607767961326888,0.7319311188221608,0.04267820224100373,1
6,16.645399808883667,1.0774592482465462,0.005697822570800782,0.00024395142801559108,"(10,)",22,"{'nn__hidden_layer_sizes': (10,), 'reducer__n_components': 22}",0.6085652391268122,0.7843333333333333,0.6885,0.7733333333333333,0.5755959326554426,0.6860655676897843,0.08424723655723691,3
