,mean_fit_time,std_fit_time,mean_score_time,std_score_time,param_nn__hidden_layer_sizes,param_reducer__n_components,params,split0_test_score,split1_test_score,split2_test_score,split3_test_score,split4_test_score,mean_test_score,std_test_score,rank_test_score
0,18.110601663589478,2.3225060351810063,0.006596183776855469,0.001823011864196254,"(10,)",1,"{'nn__hidden_layer_sizes': (10,), 'reducer__n_components': 1}",0.7787035494084319,0.7788333333333334,0.7786666666666666,0.7783333333333333,0.7784630771795299,0.778599991984259,0.0001785891029323144,1
1,18.331202030181885,2.1106146301031847,0.007700824737548828,0.0015356447037149403,"(10,)",2,"{'nn__hidden_layer_sizes': (10,), 'reducer__n_components': 2}",0.7750374937510415,0.7778333333333334,0.7773333333333333,0.7786666666666666,0.22220370061676947,0.6662149055402289,0.22200886594959923,6
2,16.917098569869996,0.9272453758909333,0.007800674438476563,0.0023789580184517753,"(10,)",3,"{'nn__hidden_layer_sizes': (10,), 'reducer__n_components': 3}",0.7783702716213964,0.7706666666666667,0.7786666666666666,0.745,0.260543423903984,0.6666494057717427,0.20342560964312129,5
3,18.598798847198488,0.5070804592276279,0.007702302932739258,0.0019675194555440556,"(10,)",6,"{'nn__hidden_layer_sizes': (10,), 'reducer__n_components': 6}",0.7657057157140477,0.7791666666666667,0.7793333333333333,0.7781666666666667,0.7786297716286048,0.776200430801864,0.0052634676512784695,2
4,26.064296531677247,3.3922168341005405,0.008400344848632812,0.0017992738913397465,"(10,)",12,"{'nn__hidden_layer_sizes': (10,), 'reducer__n_components': 12}",0.7057157140476588,0.7425,0.665,0.7778333333333334,0.7786297716286048,0.7339357638019195,0.04369532658562153,4
5,20.22929515838623,0.43879093365933236,0.010500001907348632,0.005405097721702461,"(10,)",18,"{'nn__hidden_layer_sizes': (10,), 'reducer__n_components': 18}",0.7572071321446425,0.564,0.7788333333333334,0.24416666666666667,0.579429904984164,0.5847274074257613,0.19176322536327575,7
6,16.191795921325685,3.632916692938279,0.005707454681396484,0.0010718977467704303,"(10,)",22,"{'nn__hidden_layer_sizes': (10,), 'reducer__n_components': 22}",0.7770371604732544,0.7753333333333333,0.769,0.7741666666666667,0.7419569928321387,0.7674988306610786,0.013049583853815492,3
